AgeRange,DeathRate,ConfirmedCases,Date,Days,Deaths,Gender,Hospitalized,ICU,Number of Records,DailyDeaths,DailyCases,DailyHospitalized,DailyICU
Young,0.003058104,1635,3/23/2020,0,5,ambos,232,9,3,0,73,23,3
Young,0.004155125,722,3/23/2020,0,3,hombres,129,5,3,0,38,9,1
Young,0.00219539,911,3/23/2020,0,2,mujeres,103,4,3,0,35,12,2
Adult,0.003875969,8256,3/23/2020,0,32,ambos,1964,144,3,4,753,319,25
Adult,0.005388761,3897,3/23/2020,0,21,hombres,1184,104,3,1,342,169,15
Adult,0.002529899,4348,3/23/2020,0,11,mujeres,831,43,3,3,415,95,6
Elderly,0.084693427,9068,3/23/2020,0,768,ambos,4618,331,3,62,686,543,61
Elderly,0.096540942,5117,3/23/2020,0,494,hombres,2854,240,3,37,377,238,39
Elderly,0.069844507,3923,3/23/2020,0,274,mujeres,1861,104,3,25,334,207,9
Young,0.0029274,1708,3/24/2020,1,5,ambos,255,12,3,0,78,24,3
Young,0.003947368,760,3/24/2020,1,3,hombres,138,6,3,0,17,8,0
Young,0.002114165,946,3/24/2020,1,2,mujeres,115,6,3,0,57,16,0
Adult,0.003996004,9009,3/24/2020,1,36,ambos,2283,169,3,1,583,175,46
Adult,0.005189903,4239,3/24/2020,1,22,hombres,1353,119,3,2,250,107,9
Adult,0.002939324,4763,3/24/2020,1,14,mujeres,926,49,3,-1,330,74,1
Elderly,0.085093295,9754,3/24/2020,1,830,ambos,5161,392,4,46,740,463,160
Elderly,0.096650892,5494,3/24/2020,1,531,hombres,3092,279,4,29,415,298,24
Elderly,0.070237256,4257,3/24/2020,1,299,mujeres,2068,113,4,17,323,206,6
Young,0.002799552,1786,3/25/2020,2,5,ambos,279,15,3,0,623,77,2
Young,0.003861004,777,3/25/2020,2,3,hombres,146,6,3,1,243,47,3
Young,0.001994018,1003,3/25/2020,2,2,mujeres,131,6,3,-1,383,53,2
Adult,0.003857381,9592,3/25/2020,2,37,ambos,2458,215,3,24,4656,1368,105
Adult,0.005346402,4489,3/25/2020,2,24,hombres,1460,128,3,16,2068,812,95
Adult,0.002552523,5093,3/25/2020,2,13,mujeres,1000,50,3,8,2596,597,46
Elderly,0.083476272,10494,3/25/2020,2,876,ambos,5624,552,4,384,5665,3619,242
Elderly,0.094770689,5909,3/25/2020,2,560,hombres,3390,303,4,224,2958,2092,272
Elderly,0.068995633,4580,3/25/2020,2,316,mujeres,2274,119,4,160,2708,1457,100
Young,0.00207555,2409,3/26/2020,3,5,ambos,356,17,3,0,95,21,1
Young,0.003921569,1020,3/26/2020,3,4,hombres,193,9,3,0,43,11,1
Young,0.000721501,1386,3/26/2020,3,1,mujeres,184,8,3,0,52,-13,0
Adult,0.004281303,14248,3/26/2020,3,61,ambos,3826,320,3,0,599,221,25
Adult,0.006100351,6557,3/26/2020,3,40,hombres,2272,223,3,0,275,140,15
Adult,0.002731174,7689,3/26/2020,3,21,mujeres,1597,96,3,0,324,37,10
Elderly,0.077975122,16159,3/26/2020,3,1260,ambos,9243,794,4,41,739,505,80
Elderly,0.088417729,8867,3/26/2020,3,784,hombres,5482,575,4,22,354,264,60
Elderly,0.065312843,7288,3/26/2020,3,476,mujeres,3731,219,4,19,385,269,20
Young,0.001996805,2504,3/27/2020,4,5,ambos,377,18,3,0,87,17,2
Young,0.003762935,1063,3/27/2020,4,4,hombres,204,10,3,0,40,9,1
Young,0.00069541,1438,3/27/2020,4,1,mujeres,171,8,3,0,47,8,1
Adult,0.004108574,14847,3/27/2020,4,61,ambos,4047,345,3,2,902,311,31
Adult,0.005854801,6832,3/27/2020,4,40,hombres,2412,238,3,1,426,182,25
Adult,0.002620741,8013,3/27/2020,4,21,mujeres,1634,106,3,1,476,129,6
Elderly,0.07699136,16898,3/27/2020,4,1301,ambos,9748,874,4,73,967,598,69
Elderly,0.087409175,9221,3/27/2020,4,806,hombres,5746,635,4,41,488,346,50
Elderly,0.064511925,7673,3/27/2020,4,495,mujeres,4000,239,4,32,480,251,19
Young,0.001929757,2591,3/28/2020,5,5,ambos,394,20,3,2,778,162,7
Young,0.003626473,1103,3/28/2020,5,4,hombres,213,11,3,2,275,72,5
Young,0.000673401,1485,3/28/2020,5,1,mujeres,179,9,3,0,499,90,2
Adult,0.004000254,15749,3/28/2020,5,63,ambos,4358,376,3,56,6285,2266,104
Adult,0.005648939,7258,3/28/2020,5,41,hombres,2594,263,3,38,2920,1363,77
Adult,0.002591589,8489,3/28/2020,5,22,mujeres,1763,112,3,17,3362,902,27
Elderly,0.07691016,17865,3/28/2020,5,1374,ambos,10346,943,4,1233,6967,4910,238
Elderly,0.087238645,9709,3/28/2020,5,847,hombres,6092,685,4,782,3901,2938,171
Elderly,0.064638783,8153,3/28/2020,5,527,mujeres,4251,258,4,443,3066,1972,67
Young,0.002077768,3369,3/29/2020,6,7,ambos,556,27,3,0,94,9,0
Young,0.004354136,1378,3/29/2020,6,6,hombres,285,16,3,0,33,5,0
Young,0.000504032,1984,3/29/2020,6,1,mujeres,269,11,3,0,60,4,0
Adult,0.005400744,22034,3/29/2020,6,119,ambos,6624,480,3,5,672,158,26
Adult,0.007761839,10178,3/29/2020,6,79,hombres,3957,340,3,5,289,85,12
Adult,0.003290862,11851,3/29/2020,6,39,mujeres,2665,139,3,1,380,71,13
Elderly,0.104985503,24832,3/29/2020,6,2607,ambos,15256,1181,4,46,625,385,65
Elderly,0.119691403,13610,3/29/2020,6,1629,hombres,9030,856,4,40,321,222,45
Elderly,0.086460469,11219,3/29/2020,6,970,mujeres,6223,325,4,13,302,161,20
Young,0.002021369,3463,3/30/2020,7,7,ambos,565,27,3,1,180,36,1
Young,0.004252303,1411,3/30/2020,7,6,hombres,290,16,3,0,93,16,1
Young,0.000489237,2044,3/30/2020,7,1,mujeres,273,11,3,1,91,20,0
Adult,0.005461112,22706,3/30/2020,7,124,ambos,6782,506,3,31,1551,567,12
Adult,0.008025222,10467,3/30/2020,7,84,hombres,4042,352,3,20,714,307,-26
Adult,0.003270379,12231,3/30/2020,7,40,mujeres,2736,152,3,11,840,261,38
Elderly,0.104214951,25457,3/30/2020,7,2653,ambos,15641,1246,4,521,2127,1501,41
Elderly,0.119804752,13931,3/30/2020,7,1669,hombres,9252,901,4,324,1172,861,-65
Elderly,0.085322455,11521,3/30/2020,7,983,mujeres,6384,345,4,201,955,640,119
Young,0.002195992,3643,3/31/2020,8,8,ambos,601,28,3,0,28,3,0
Young,0.003989362,1504,3/31/2020,8,6,hombres,306,17,3,0,-2,2,0
Young,0.000936768,2135,3/31/2020,8,2,mujeres,293,11,3,0,30,1,0
Adult,0.006389908,24257,3/31/2020,8,155,ambos,7349,518,3,4,214,80,25
Adult,0.009301494,11181,3/31/2020,8,104,hombres,4349,326,3,1,81,73,20
Adult,0.003901767,13071,3/31/2020,8,51,mujeres,2997,190,3,3,134,7,7
Elderly,0.115066705,27584,3/31/2020,8,3174,ambos,17142,1287,4,55,387,192,49
Elderly,0.131960538,15103,3/31/2020,8,1993,hombres,10113,836,4,31,180,138,38
Elderly,0.094902212,12476,3/31/2020,8,1184,mujeres,7024,464,4,21,204,52,9
Young,0.002179243,3671,4/1/2020,9,8,ambos,604,28,3,-1,603,100,11
Young,0.003994674,1502,4/1/2020,9,6,hombres,308,17,3,-1,199,49,8
Young,0.000923788,2165,4/1/2020,9,2,mujeres,294,11,3,1,407,51,3
Adult,0.006497487,24471,4/1/2020,9,159,ambos,7429,543,3,39,5655,1781,190
Adult,0.009323388,11262,4/1/2020,9,105,hombres,4422,346,3,33,2363,1063,161
Adult,0.00408936,13205,4/1/2020,9,54,mujeres,3004,197,3,16,3294,718,27
Elderly,0.115440992,27971,4/1/2020,9,3229,ambos,17334,1336,4,927,6806,4783,361
Elderly,0.132434731,15283,4/1/2020,9,2024,hombres,10251,874,4,706,3460,2815,351
Elderly,0.095031546,12680,4/1/2020,9,1205,mujeres,7076,473,4,371,3340,1968,11
Young,0.00163781,4274,4/2/2020,10,7,ambos,704,39,3,0,84,17,1
Young,0.002939447,1701,4/2/2020,10,5,hombres,357,25,3,0,30,11,1
Young,0.001166407,2572,4/2/2020,10,3,mujeres,345,14,3,0,52,6,0
Adult,0.006572396,30126,4/2/2020,10,198,ambos,9210,733,3,2,616,267,36
Adult,0.01012844,13625,4/2/2020,10,138,hombres,5485,507,3,2,266,153,29
Adult,0.004242681,16499,4/2/2020,10,70,mujeres,3722,224,3,0,350,117,9
Elderly,0.11950427,34777,4/2/2020,10,4156,ambos,22117,1697,4,180,807,630,85
Elderly,0.145654378,18743,4/2/2020,10,2730,hombres,13066,1225,4,107,424,365,54
Elderly,0.098377029,16020,4/2/2020,10,1576,mujeres,9044,484,4,73,392,268,32
Young,0.001606241,4358,4/3/2020,11,7,ambos,721,40,3,1,0,0,0
Young,0.002888504,1731,4/3/2020,11,5,hombres,368,26,3,0,0,0,0
Young,0.001143293,2624,4/3/2020,11,3,mujeres,351,14,3,0,0,0,0
Adult,0.006505758,30742,4/3/2020,11,200,ambos,9477,769,3,8,0,0,0
Adult,0.010078468,13891,4/3/2020,11,140,hombres,5638,536,3,0,0,0,0
Adult,0.004154549,16849,4/3/2020,11,70,mujeres,3839,233,3,0,0,0,0
Elderly,0.121852518,35584,4/3/2020,11,4336,ambos,22747,1782,4,157,0,0,0
Elderly,0.148014817,19167,4/3/2020,11,2837,hombres,13431,1279,4,0,0,0,0
Elderly,0.100475262,16412,4/3/2020,11,1649,mujeres,9312,516,4,0,0,0,0
Young,0.001835704,4358,4/4/2020,12,8,ambos,721,40,3,4,989,235,22
Young,0.002888504,1731,4/4/2020,12,5,hombres,368,26,3,3,335,121,16
Young,0.001143293,2624,4/4/2020,12,3,mujeres,351,14,3,1,654,114,6
Adult,0.006765988,30742,4/4/2020,12,208,ambos,9477,769,3,66,7676,3534,322
Adult,0.010078468,13891,4/4/2020,12,140,hombres,5638,536,3,39,3502,2108,232
Adult,0.004154549,16849,4/4/2020,12,70,mujeres,3839,233,3,27,4175,1426,90
Elderly,0.126264613,35584,4/4/2020,12,4493,ambos,22747,1782,4,1552,8188,6657,538
Elderly,0.148014817,19167,4/4/2020,12,2837,hombres,13431,1279,4,984,4346,3814,372
Elderly,0.100475262,16412,4/4/2020,12,1649,mujeres,9312,516,4,579,3843,2844,166
Young,0.002244249,5347,4/5/2020,13,12,ambos,956,62,3,-4,23,23,4
Young,0.003872217,2066,4/5/2020,13,8,hombres,489,42,3,-3,0,3,-1
Young,0.001220256,3278,4/5/2020,13,4,mujeres,465,20,3,-1,21,19,5
Adult,0.007132074,38418,4/5/2020,13,274,ambos,13011,1091,3,-57,341,188,28
Adult,0.010291497,17393,4/5/2020,13,179,hombres,7746,768,3,-34,172,101,20
Adult,0.004613775,21024,4/5/2020,13,97,mujeres,5265,323,3,-25,165,86,8
Elderly,0.138101983,43772,4/5/2020,13,6045,ambos,29404,2320,4,-1331,289,-39,-16
Elderly,0.162505848,23513,4/5/2020,13,3821,hombres,17245,1651,4,-841,103,-30,-12
Elderly,0.109997531,20255,4/5/2020,13,2228,mujeres,12156,682,4,-494,182,-10,-4
Young,0.001489758,5370,4/6/2020,14,8,ambos,979,66,3,1,-30,-47,-12
Young,0.002420136,2066,4/6/2020,14,5,hombres,492,41,3,0,-14,-26,-7
Young,0.000909366,3299,4/6/2020,14,3,mujeres,484,25,3,1,-17,-22,-5
Adult,0.0055987,38759,4/6/2020,14,217,ambos,13199,1119,3,0,-34,-129,-23
Adult,0.008255053,17565,4/6/2020,14,145,hombres,7847,788,3,0,-56,-69,-18
Adult,0.00339799,21189,4/6/2020,14,72,mujeres,5351,331,3,0,25,-60,-5
Elderly,0.106988039,44061,4/6/2020,14,4714,ambos,29365,2304,4,38,18,185,25
Elderly,0.126185637,23616,4/6/2020,14,2980,hombres,17215,1639,4,21,35,104,16
Elderly,0.084846112,20437,4/6/2020,14,1734,mujeres,12146,678,4,17,-13,82,9
Young,0.001685393,5340,4/7/2020,15,9,ambos,932,54,3,2,613,64,7
Young,0.002436647,2052,4/7/2020,15,5,hombres,466,34,3,1,200,32,4
Young,0.001218769,3282,4/7/2020,15,4,mujeres,462,20,3,1,413,32,3
Adult,0.005603615,38725,4/7/2020,15,217,ambos,13070,1096,3,45,5140,1474,180
Adult,0.008281455,17509,4/7/2020,15,145,hombres,7778,770,3,34,2162,864,130
Adult,0.003393985,21214,4/7/2020,15,72,mujeres,5291,326,3,11,2969,609,50
Elderly,0.107806438,44079,4/7/2020,15,4752,ambos,29550,2329,4,879,6558,3774,348
Elderly,0.126886812,23651,4/7/2020,15,3001,hombres,17319,1655,4,489,3110,2097,245
Elderly,0.085732472,20424,4/7/2020,15,1751,mujeres,12228,687,4,390,3438,1675,89
Young,0.001847808,5953,4/8/2020,16,11,ambos,996,61,3,2,301,37,4
Young,0.002664298,2252,4/8/2020,16,6,hombres,498,38,3,2,93,14,2
Young,0.00135318,3695,4/8/2020,16,5,mujeres,494,23,3,0,208,23,2
Adult,0.005972871,43865,4/8/2020,16,262,ambos,14544,1276,3,20,2400,630,163
Adult,0.00909969,19671,4/8/2020,16,179,hombres,8642,900,3,14,862,324,117
Adult,0.003432163,24183,4/8/2020,16,83,mujeres,5900,376,3,6,1543,306,46
Elderly,0.11120327,50637,4/8/2020,16,5631,ambos,33324,2677,4,803,3291,1691,403
Elderly,0.130413662,26761,4/8/2020,16,3490,hombres,19416,1900,4,413,1338,850,271
Elderly,0.089724248,23862,4/8/2020,16,2141,mujeres,13903,776,4,417,1959,843,133
Young,0.00207867,6254,4/9/2020,17,13,ambos,1033,65,3,0,104,9,0
Young,0.003411514,2345,4/9/2020,17,8,hombres,512,40,3,0,28,7,0
Young,0.001281066,3903,4/9/2020,17,5,mujeres,517,25,3,0,74,1,0
Adult,0.00609532,46265,4/9/2020,17,282,ambos,15174,1439,3,14,1046,226,12
Adult,0.009399503,20533,4/9/2020,17,193,hombres,8966,1017,3,11,386,147,18
Adult,0.003459535,25726,4/9/2020,17,89,mujeres,6206,422,3,3,651,79,-6
Elderly,0.119307224,53928,4/9/2020,17,6434,ambos,35015,3080,4,363,1549,767,13
Elderly,0.13890174,28099,4/9/2020,17,3903,hombres,20266,2171,4,210,739,455,14
Elderly,0.099066651,25821,4/9/2020,17,2558,mujeres,14746,909,4,126,801,311,-2
Young,0.002044668,6358,4/10/2020,18,13,ambos,1042,65,3,0,82,-9,0
Young,0.00337126,2373,4/10/2020,18,8,hombres,519,40,3,0,30,-7,0
Young,0.001257229,3977,4/10/2020,18,5,mujeres,518,25,3,0,54,-2,0
Adult,0.006256473,47311,4/10/2020,18,296,ambos,15400,1451,3,14,406,62,21
Adult,0.0097519,20919,4/10/2020,18,204,hombres,9113,1035,3,9,174,84,16
Adult,0.003487887,26377,4/10/2020,18,92,mujeres,6285,416,3,5,239,-23,5
Elderly,0.122519242,55477,4/10/2020,18,6797,ambos,35782,3093,4,140,679,470,45
Elderly,0.142624315,28838,4/10/2020,18,4113,hombres,20721,2185,4,77,311,164,29
Elderly,0.100818872,26622,4/10/2020,18,2684,mujeres,15057,907,4,63,378,305,16
Young,0.002018634,6440,4/11/2020,19,13,ambos,1033,65,3,6,740,164,13
Young,0.003329172,2403,4/11/2020,19,8,hombres,512,40,3,4,246,83,8
Young,0.001240387,4031,4/11/2020,19,5,mujeres,516,25,3,2,494,81,5
Adult,0.006496636,47717,4/11/2020,19,310,ambos,15462,1472,3,115,4065,1380,60
Adult,0.010098137,21093,4/11/2020,19,213,hombres,9197,1051,3,69,1650,764,41
Adult,0.003644424,26616,4/11/2020,19,97,mujeres,6262,421,3,46,2416,616,18
Elderly,0.123530878,56156,4/11/2020,19,6937,ambos,36252,3138,4,2101,4876,2681,120
Elderly,0.143744211,29149,4/11/2020,19,4190,hombres,20885,2214,4,1315,2332,1473,90
Elderly,0.101740741,27000,4/11/2020,19,2747,mujeres,15362,923,4,786,2544,1207,29
Young,0.00264624,7180,4/12/2020,20,19,ambos,1197,78,3,0,0,0,0
Young,0.004530011,2649,4/12/2020,20,12,hombres,595,48,3,0,0,0,0
Young,0.001546961,4525,4/12/2020,20,7,mujeres,597,30,3,0,0,0,0
Adult,0.008207485,51782,4/12/2020,20,425,ambos,16842,1532,3,0,0,0,0
Adult,0.01239942,22743,4/12/2020,20,282,hombres,9961,1092,3,0,0,0,0
Adult,0.004925599,29032,4/12/2020,20,143,mujeres,6878,439,3,0,0,0,0
Elderly,0.14808625,61032,4/12/2020,20,9038,ambos,38933,3258,4,0,0,0,0
Elderly,0.17486738,31481,4/12/2020,20,5505,hombres,22358,2304,4,0,0,0,0
Elderly,0.119584349,29544,4/12/2020,20,3533,mujeres,16569,952,4,0,0,0,0
Young,0.00264624,7180,4/13/2020,21,19,ambos,1197,78,3,0,13,-3,0
Young,0.004530011,2649,4/13/2020,21,12,hombres,595,48,3,0,6,-3,0
Young,0.001546961,4525,4/13/2020,21,7,mujeres,597,30,3,0,7,0,-8
Adult,0.008207485,51782,4/13/2020,21,425,ambos,16842,1532,3,3,134,32,7
Adult,0.01239942,22743,4/13/2020,21,282,hombres,9961,1092,3,3,52,15,6
Adult,0.004925599,29032,4/13/2020,21,143,mujeres,6878,439,3,0,83,17,-72
Elderly,0.14808625,61032,4/13/2020,21,9038,ambos,38933,3258,4,80,236,132,-20
Elderly,0.17486738,31481,4/13/2020,21,5505,hombres,22358,2304,4,35,98,71,-13
Elderly,0.119584349,29544,4/13/2020,21,3533,mujeres,16569,952,4,44,138,61,1005
Young,0.002641457,7193,4/14/2020,22,19,ambos,1194,78,3,0,165,-8,1
Young,0.004519774,2655,4/14/2020,22,12,hombres,592,48,3,0,63,-5,2
Young,0.001544572,4532,4/14/2020,22,7,mujeres,597,22,3,0,100,-4,-1
Adult,0.008244087,51916,4/14/2020,22,428,ambos,16874,1539,3,0,1068,21,1
Adult,0.012502742,22795,4/14/2020,22,285,hombres,9976,1098,3,5,412,16,0
Adult,0.004911558,29115,4/14/2020,22,143,mujeres,6895,367,3,0,655,5,7
Elderly,0.148821571,61268,4/14/2020,22,9118,ambos,39065,3238,4,40,1208,-40,1
Elderly,0.175433041,31579,4/14/2020,22,5540,hombres,22429,2291,4,-68,516,58,7
Elderly,0.120510747,29682,4/14/2020,22,3577,mujeres,16630,1957,4,19,693,-97,7
Young,0.002582223,7358,4/15/2020,23,19,ambos,1186,79,3,3,562,66,1
Young,0.004415011,2718,4/15/2020,23,12,hombres,587,50,3,3,179,34,0
Young,0.001511226,4632,4/15/2020,23,7,mujeres,593,21,3,0,387,35,1
Adult,0.00807791,52984,4/15/2020,23,428,ambos,16895,1540,3,37,3489,740,78
Adult,0.01249623,23207,4/15/2020,23,290,hombres,9992,1098,3,20,1213,413,49
Adult,0.004803493,29770,4/15/2020,23,143,mujeres,6900,374,3,17,2277,328,29
Elderly,0.146584288,62476,4/15/2020,23,9158,ambos,39025,3239,4,1148,6213,2380,137
Elderly,0.170493846,32095,4/15/2020,23,5472,hombres,22487,2298,4,595,2476,1292,106
Elderly,0.118386831,30375,4/15/2020,23,3596,mujeres,16533,1964,4,553,3739,1089,31
Young,0.002777778,7920,4/16/2020,24,22,ambos,1252,80,3,1,115,29,1
Young,0.00517777,2897,4/16/2020,24,15,hombres,621,50,3,1,44,21,0
Young,0.0013947,5019,4/16/2020,24,7,mujeres,628,22,3,0,76,8,1
Adult,0.008234023,56473,4/16/2020,24,465,ambos,17635,1618,3,9,950,259,23
Adult,0.012694513,24420,4/16/2020,24,310,hombres,10405,1147,3,4,341,141,17
Adult,0.004992667,32047,4/16/2020,24,160,mujeres,7228,403,3,0,622,118,6
Elderly,0.15003858,68689,4/16/2020,24,10306,ambos,41405,3376,4,263,1642,797,54
Elderly,0.175493911,34571,4/16/2020,24,6067,hombres,23779,2404,4,242,709,421,27
Elderly,0.121621622,34114,4/16/2020,24,4149,mujeres,17622,1995,4,110,922,377,27
Young,0.002862477,8035,4/17/2020,25,23,ambos,1281,81,3,0,96,33,0
Young,0.005440326,2941,4/17/2020,25,16,hombres,642,50,3,0,52,17,0
Young,0.001373896,5095,4/17/2020,25,7,mujeres,636,23,3,0,44,17,0
Adult,0.008254532,57423,4/17/2020,25,474,ambos,17894,1641,3,6,474,389,54
Adult,0.012681233,24761,4/17/2020,25,314,hombres,10546,1164,3,6,197,187,30
Adult,0.004897609,32669,4/17/2020,25,160,mujeres,7346,409,3,0,277,203,18
Elderly,0.150275128,70331,4/17/2020,25,10569,ambos,42202,3430,4,148,599,966,130
Elderly,0.178826531,35280,4/17/2020,25,6309,hombres,24200,2431,4,92,242,545,84
Elderly,0.12156068,35036,4/17/2020,25,4259,mujeres,17999,2022,4,56,356,422,33
Young,0.00282868,8131,4/18/2020,26,23,ambos,1314,81,3,4,84,22,9
Young,0.005345807,2993,4/18/2020,26,16,hombres,659,50,3,1,22,8,4
Young,0.001362133,5139,4/18/2020,26,7,mujeres,653,23,3,3,62,14,13
Adult,0.008290585,57897,4/18/2020,26,480,ambos,18283,1695,3,56,447,361,112
Adult,0.01282154,24958,4/18/2020,26,320,hombres,10733,1194,3,35,171,214,78
Adult,0.004856432,32946,4/18/2020,26,160,mujeres,7549,427,3,21,277,147,108
Elderly,0.151092627,70930,4/18/2020,26,10717,ambos,43168,3560,4,426,447,596,185
Elderly,0.180198187,35522,4/18/2020,26,6401,hombres,24745,2515,4,262,212,330,114
Elderly,0.121920208,35392,4/18/2020,26,4315,mujeres,18421,2055,4,164,238,267,-940
Young,0.003286671,8215,4/19/2020,27,27,ambos,1336,90,3,-21,499,24,16
Young,0.005638474,3015,4/19/2020,27,17,hombres,667,54,3,4,203,49,8
Young,0.001922707,5201,4/19/2020,27,10,mujeres,667,36,3,5,376,55,-22
Adult,0.009186892,58344,4/19/2020,27,536,ambos,18644,1807,3,48,3164,1173,68
Adult,0.014127104,25129,4/19/2020,27,355,hombres,10947,1272,3,27,1177,341,46
Adult,0.005448033,33223,4/19/2020,27,181,mujeres,7696,535,3,21,1987,532,22
Elderly,0.156114715,71377,4/19/2020,27,11143,ambos,43764,3745,4,531,3679,2430,98
Elderly,0.186461073,35734,4/19/2020,27,6663,hombres,25075,2629,4,226,1623,1224,70
Elderly,0.125708672,35630,4/19/2020,27,4479,mujeres,18688,1115,4,255,2056,1206,28
Young,0.000688547,8714,4/20/2020,28,6,ambos,1360,106,3,30,116,92,0
Young,0.006525792,3218,4/20/2020,28,21,hombres,716,62,3,0,12,8,0
Young,0.002689618,5577,4/20/2020,28,15,mujeres,722,14,3,0,23,3,30
Adult,0.0094947,61508,4/20/2020,28,584,ambos,19817,1875,3,3,162,33,2
Adult,0.014521402,26306,4/20/2020,28,382,hombres,11288,1318,3,1,61,318,1
Adult,0.005737007,35210,4/20/2020,28,202,mujeres,8228,557,3,2,101,15,1
Elderly,0.155537199,75056,4/20/2020,28,11674,ambos,46194,3843,4,68,227,99,8
Elderly,0.184409883,37357,4/20/2020,28,6889,hombres,26299,2699,4,83,77,43,7
Elderly,0.12561694,37686,4/20/2020,28,4734,mujeres,19894,1143,4,35,150,56,1
Young,0.00407701,8830,4/21/2020,29,36,ambos,1452,106,3,-7,126,8,0
Young,0.006501548,3230,4/21/2020,29,21,hombres,724,62,3,-4,46,1,0
Young,0.002678571,5600,4/21/2020,29,15,mujeres,725,44,3,-3,79,7,0
Adult,0.009518404,61670,4/21/2020,29,587,ambos,19850,1877,3,-13,816,113,10
Adult,0.014525733,26367,4/21/2020,29,383,hombres,11606,1319,3,-1,265,48,8
Adult,0.005777237,35311,4/21/2020,29,204,mujeres,8243,558,3,-12,550,65,2
Elderly,0.155971468,75283,4/21/2020,29,11742,ambos,46293,3851,4,289,1388,405,13
Elderly,0.186247796,37434,4/21/2020,29,6972,hombres,26342,2706,4,136,512,205,10
Elderly,0.126043979,37836,4/21/2020,29,4769,mujeres,19950,1144,4,154,877,201,4
Young,0.003238053,8956,4/22/2020,30,29,ambos,1460,106,3,1,377,30,1
Young,0.005189255,3276,4/22/2020,30,17,hombres,725,62,3,0,89,13,0
Young,0.002113048,5679,4/22/2020,30,12,mujeres,732,44,3,1,287,18,1
Adult,0.009186058,62486,4/22/2020,30,574,ambos,19963,1887,3,14,2043,213,41
Adult,0.014343647,26632,4/22/2020,30,382,hombres,11654,1327,3,12,646,104,24
Adult,0.005354006,35861,4/22/2020,30,192,mujeres,8308,560,3,2,1387,110,17
Elderly,0.156917218,76671,4/22/2020,30,12031,ambos,46698,3864,4,429,2054,476,57
Elderly,0.187318821,37946,4/22/2020,30,7108,hombres,26547,2716,4,201,664,192,37
Elderly,0.127166585,38713,4/22/2020,30,4923,mujeres,20151,1148,4,228,1402,284,20
Young,0.003214401,9333,4/23/2020,31,30,ambos,1490,107,3,0,25,1,0
Young,0.005052006,3365,4/23/2020,31,17,hombres,738,62,3,0,11,1,0
Young,0.002179014,5966,4/23/2020,31,13,mujeres,750,45,3,0,14,0,0
Adult,0.009112182,64529,4/23/2020,31,588,ambos,20176,1928,3,1,143,30,2
Adult,0.014443874,27278,4/23/2020,31,394,hombres,11758,1351,3,1,41,19,1
Adult,0.005208333,37248,4/23/2020,31,194,mujeres,8418,577,3,0,102,11,1
Elderly,0.158272467,78725,4/23/2020,31,12460,ambos,47174,3921,4,26,128,55,1
Elderly,0.189303289,38610,4/23/2020,31,7309,hombres,26739,2753,4,10,49,29,1
Elderly,0.128405833,40115,4/23/2020,31,5151,mujeres,20435,1168,4,16,77,25,0
Young,0.003205813,9358,4/24/2020,32,30,ambos,1491,107,3,4,2919,180,16
Young,0.005035545,3376,4/24/2020,32,17,hombres,739,62,3,2,937,78,6
Young,0.002173913,5980,4/24/2020,32,13,mujeres,750,45,3,2,2050,104,11
Adult,0.009107496,64672,4/24/2020,32,589,ambos,20206,1930,3,75,15885,2827,326
Adult,0.014458802,27319,4/24/2020,32,395,hombres,11777,1352,3,50,6646,1685,220
Adult,0.00519411,37350,4/24/2020,32,194,mujeres,8429,578,3,25,9657,1141,107
Elderly,0.158345275,78853,4/24/2020,32,12486,ambos,47229,3922,4,1445,22646,6497,562
Elderly,0.189322021,38659,4/24/2020,32,7319,hombres,26768,2754,4,785,10105,3675,390
Elderly,0.128557922,40192,4/24/2020,32,5167,mujeres,20460,1168,4,660,12958,2821,173
Young,0.002769406,12277,4/25/2020,33,34,ambos,1671,123,3,0,42,-3,0
Young,0.004405286,4313,4/25/2020,33,19,hombres,817,68,3,0,26,2,0
Young,0.001867995,8030,4/25/2020,33,15,mujeres,854,56,3,0,16,-5,0
Adult,0.008242611,80557,4/25/2020,33,664,ambos,23033,2256,3,0,227,119,-5
Adult,0.013101722,33965,4/25/2020,33,445,hombres,13462,1572,3,0,51,83,-1
Adult,0.004658881,47007,4/25/2020,33,219,mujeres,9570,685,3,0,175,35,-4
Elderly,0.137252584,101499,4/25/2020,33,13931,ambos,53726,4484,4,38,264,359,21
Elderly,0.166188172,48764,4/25/2020,33,8104,hombres,30443,3144,4,23,107,232,17
Elderly,0.109633114,53150,4/25/2020,33,5827,mujeres,23281,1341,4,15,152,123,4
Young,0.002759964,12319,4/26/2020,34,34,ambos,1668,123,3,-6,626,110,8
Young,0.004378889,4339,4/26/2020,34,19,hombres,819,68,3,-3,235,48,7
Young,0.00186428,8046,4/26/2020,34,15,mujeres,849,56,3,-3,391,62,1
Adult,0.008219449,80784,4/26/2020,34,664,ambos,23152,2251,3,55,3982,1342,125
Adult,0.013082079,34016,4/26/2020,34,445,hombres,13545,1571,3,47,1402,715,85
Adult,0.004641601,47182,4/26/2020,34,219,mujeres,9605,681,3,8,2579,627,40
Elderly,0.137269931,101763,4/26/2020,34,13969,ambos,54085,4505,4,1048,4903,3233,206
Elderly,0.16629494,48871,4/26/2020,34,8127,hombres,30675,3161,4,586,1911,1659,127
Elderly,0.109601891,53302,4/26/2020,34,5842,mujeres,23404,1345,4,462,2992,1574,79
Young,0.002162997,12945,4/27/2020,35,28,ambos,1778,131,3,,,,
Young,0.003498032,4574,4/27/2020,35,16,hombres,867,75,3,,,,
Young,0.001422307,8437,4/27/2020,35,12,mujeres,911,57,3,,,,
Adult,0.008482174,84766,4/27/2020,35,719,ambos,24494,2376,3,,,,
Adult,0.013891242,35418,4/27/2020,35,492,hombres,14260,1656,3,,,,
Adult,0.004561805,49761,4/27/2020,35,227,mujeres,10232,721,3,,,,
Elderly,0.140785255,106666,4/27/2020,35,15017,ambos,57318,4711,4,,,,
Elderly,0.171576543,50782,4/27/2020,35,8713,hombres,32334,3288,4,,,,
Elderly,0.111983515,56294,4/27/2020,35,6304,mujeres,24978,1424,4,,,,
